instituicao,tipo_ies,estado,uf,biblioteca_digital
Pontifícia Universidade Católica do Rio Grande do Sul (PUCRS),Privada,Rio Grande do Sul,RS,BV Pearson
Pontifícia Universidade Católica do Rio Grande do Sul (PUCRS),Privada,Rio Grande do Sul,RS,Dot.Lib Lectio
Pontifícia Universidade Católica do Rio Grande do Sul (PUCRS),Privada,Rio Grande do Sul,RS,Fórum
Pontifícia Universidade Católica do Rio Grande do Sul (PUCRS),Privada,Rio Grande do Sul,RS,Minha Biblioteca
Pontifícia Universidade Católica do Rio Grande do Sul (PUCRS),Privada,Rio Grande do Sul,RS,PressReader
Pontifícia Universidade Católica do Rio Grande do Sul (PUCRS),Privada,Rio Grande do Sul,RS,RT Online
Pontifícia Universidade Católica do Rio Grande do Sul (PUCRS),Privada,Rio Grande do Sul,RS,Target GEDWeb
Pontifícia Universidade Católica do Rio Grande do Sul (PUCRS),Privada,Rio Grande do Sul,RS,UpToDate
Pontifícia Universidade Católica do Rio Grande do Sul (PUCRS),Privada,Rio Grande do Sul,RS,Jstor
Pontifícia Universidade Católica do Rio Grande do Sul (PUCRS),Privada,Rio Grande do Sul,RS,Springer
Universidade Federal do Espírito Santo (UFES),Pública,Espírito Santo,ES,Minha Biblioteca
Universidade Federal do Espírito Santo (UFES),Pública,Espírito Santo,ES,BV Pearson
Universidade Federal do Espírito Santo (UFES),Pública,Espírito Santo,ES,Cengage
Universidade Federal do Espírito Santo (UFES),Pública,Espírito Santo,ES,RT Online
Universidade Federal do Espírito Santo (UFES),Pública,Espírito Santo,ES,Target GEDWeb
Serviço Nacional de Aprendizagem Comercial de Minas Gerais (SENAC-MG),Privada,Minas Gerais,MG,Minha Biblioteca
Serviço Nacional de Aprendizagem Comercial de Minas Gerais (SENAC-MG),Privada,Minas Gerais,MG,BD Senac
Fundação Dom Cabral (FDC),Privada,Minas Gerais,MG,Minha Biblioteca
Fundação Dom Cabral (FDC),Privada,Minas Gerais,MG,EBSCO eBooks
Fundação Dom Cabral (FDC),Privada,Minas Gerais,MG,EMIS
Fundação Dom Cabral (FDC),Privada,Minas Gerais,MG,Comdinheiro
Fundação Dom Cabral (FDC),Privada,Minas Gerais,MG,PressReader
Centro Universitário de Várzea Grande (UNIVAG),Privada,Mato Grosso,MT,Minha Biblioteca
Fundação Educacional de Ituverava,Privada,São Paulo,SP,Minha Biblioteca
Fundação Educacional de Ituverava,Privada,São Paulo,SP,BV Pearson
Faculdade Frassinetti do Recife,Privada,Pernambuco,PE,BV Pearson
Faculdade Frassinetti do Recife,Privada,Pernambuco,PE,Saraiva
Universidade Federal dos Vales do Jequitinhonha e Mucuri (UFVJM),Pública,Minas Gerais,MG,Minha Biblioteca
Universidade Federal dos Vales do Jequitinhonha e Mucuri (UFVJM),Pública,Minas Gerais,MG,ABNT Coleção
Centro Universitário de Brusque (UNIFEBE),Privada,Santa Catarina,SC,Minha Biblioteca
Centro Universitário de Brusque (UNIFEBE),Privada,Santa Catarina,SC,EBSCO eBooks
Universidade Estadual Paulista (UNESP),Pública,São Paulo,SP,Minha Biblioteca
Universidade Estadual Paulista (UNESP),Pública,São Paulo,SP,BV Pearson
Universidade Estadual Paulista (UNESP),Pública,São Paulo,SP,EBSCO eBooks
Universidade Estadual Paulista (UNESP),Pública,São Paulo,SP,ABNT Coleção
Universidade Estadual Paulista (UNESP),Pública,São Paulo,SP,Target GEDWeb
Universidade Federal de Santa Maria (UFSM),Pública,Rio Grande do Sul,RS,Minha Biblioteca
Universidade Federal de Santa Maria (UFSM),Pública,Rio Grande do Sul,RS,Dot.Lib Lectio
Universidade Federal de Santa Maria (UFSM),Pública,Rio Grande do Sul,RS,Target GEDWeb
Universidade Federal Rural do Rio de Janeiro (UFRRJ),Pública,Rio de Janeiro,RJ,BD Cengage
Universidade Federal da Fronteira Sul (UFFS),Pública,Rio de Janeiro,RJ,Minha Biblioteca
Universidade do Vale do Sapucaí (Univás),Privada,Minas Gerais,MG,Minha Biblioteca
Centro Universitário Adventista de São Paulo (UNASP),Privada,São Paulo,SP,Minha Biblioteca
Centro Universitário Adventista de São Paulo (UNASP),Privada,São Paulo,SP,BV Pearson
Universidade Federal do Rio Grande (FURG),Pública,Rio Grande do Sul,RS,BV Pearson
Universidade Federal do Rio Grande (FURG),Pública,Rio Grande do Sul,RS,Saraiva
Universidade Federal do Rio Grande (FURG),Pública,Rio Grande do Sul,RS,RT Online
Universidade Federal do Rio Grande (FURG),Pública,Rio Grande do Sul,RS,Saraiva
Universidade Federal do Rio Grande (FURG),Pública,Rio Grande do Sul,RS,Target GEDWeb
Centro Univeritário de Anapolis (UniEvangélica),Privada,Goiás,GO,Minha Biblioteca
Centro Univeritário de Anapolis (UniEvangélica),Privada,Goiás,GO,Dot.Lib Lectio
Faculdade Ideal Trends,Privada,São Paulo,SP,Minha Biblioteca
Strong Business School,Privada,São Paulo,SP,BV Pearson
Instituto Federal do Norte de Minas Gerais (IFNMG),Pública,Minas Gerais,MG,Minha Biblioteca
Centro Universitário UNIFAFIBE - BEBEDOURO,Privada,São Paulo,SP,BV Pearson
Centro Universitário UNIFAFIBE - BEBEDOURO,Privada,São Paulo,SP,RT Online
Universidade Federal do Oeste do Pará (UFOPA),Pública,Pará,PA,Minha Biblioteca
Universidade de Sorocaba (UNISO),Privada,São Paulo,SP,Minha Biblioteca
Universidade de Sorocaba (UNISO),Privada,São Paulo,SP,BV Pearson
Universidade de Sorocaba (UNISO),Privada,São Paulo,SP,RT Online
Faculdade Cesusc,Privada,Santa Catarina,SC,Minha Biblioteca
Faculdade Cesusc,Privada,Santa Catarina,SC,BV Pearson
Faculdade Cesusc,Privada,Santa Catarina,SC,EBSCO eBooks
Universidade Regional do Noroeste do Estado do Rio Grande do Sul (UNIJUI),Privada,Rio Grande do Sul,RS,Minha Biblioteca
Universidade Regional do Noroeste do Estado do Rio Grande do Sul (UNIJUI),Privada,Rio Grande do Sul,RS,BV Pearson
Universidade Federal de Lavras (UFLA),Pública,Minas Gerais,MG,Minha Biblioteca
Universidade Federal de Lavras (UFLA),Pública,Minas Gerais,MG,BV Pearson
Universidade CEUMA,Privada,Maranhão,MA,Minha Biblioteca
Universidade CEUMA,Privada,Maranhão,MA,EBSCO eBooks
Universidade CEUMA,Privada,Maranhão,MA,vLex
Universidade CEUMA,Privada,Maranhão,MA,Target GEDWeb
Universidade Federal do Pampa (UNIPAMPA),Pública,Rio Grande do Sul,RS,Minha Biblioteca
Escola de Enfermagem da USP,Pública,São Paulo,SP,Minha Biblioteca
Escola de Enfermagem da USP,Pública,São Paulo,SP,BV Pearson
Escola de Enfermagem da USP,Pública,São Paulo,SP,EBSCO eBooks
Escola de Enfermagem da USP,Pública,São Paulo,SP,Target GEDWeb
Escola de Enfermagem da USP,Pública,São Paulo,SP,PressReader
Universidade Federal de São João del Rei (UFSJ),Pública,Minas Gerais,MG,Minha Biblioteca
Universidade Federal de São João del Rei (UFSJ),Pública,Minas Gerais,MG,Target GEDWeb
Centro Universitário Celso Lisboa,Privada,Rio de Janeiro,RJ,BV Pearson
Toledo Prudente Centro Universitário,Privada,São Paulo,SP,Minha Biblioteca
Toledo Prudente Centro Universitário,Privada,São Paulo,SP,RT Online
Toledo Prudente Centro Universitário,Privada,São Paulo,SP,Target GEDWeb
Universidade de Fortaleza,Privada,Ceará,CE,Minha Biblioteca
Universidade de Fortaleza,Privada,Ceará,CE,EBSCO eBooks
Universidade de Fortaleza,Privada,Ceará,CE,Dot.Lib Lectio
Universidade de Fortaleza,Privada,Ceará,CE,vLex
Universidade de Fortaleza,Privada,Ceará,CE,Target GEDWeb
Universidade de Fortaleza,Privada,Ceará,CE,RT Online
Universidade de Fortaleza,Privada,Ceará,CE,Cambridge
Universidade de Fortaleza,Privada,Ceará,CE,Euromonitor
Universidade Federal de Mato Grosso (UFMT),Pública,Mato Grosso,MT,Minha Biblioteca
Universidade Federal de Mato Grosso (UFMT),Pública,Mato Grosso,MT,BV Pearson
Universidade Federal de São Carlos (UFSCar),Pública,São Paulo,SP,BV Pearson
Universidade Federal de São Carlos (UFSCar),Pública,São Paulo,SP,Target GEDWeb
Pontifícia Universidade Católica de São Paulo (PUC-SP),Privada,São Paulo,SP,Minha Biblioteca
Pontifícia Universidade Católica de São Paulo (PUC-SP),Privada,São Paulo,SP,Target GEDWeb
Pontifícia Universidade Católica de São Paulo (PUC-SP),Privada,São Paulo,SP,RT Online
Faculdade de Direito de Vitória,Privada,Espírito Santo,ES,Saraiva
Faculdade de Direito de Vitória,Privada,Espírito Santo,ES,RT Online
CISNE - Faculdade de Quixadá,Privada,Ceará,CE,BV Pearson
Faculdade de Direito de Sorocaba,Privada,São Paulo,SP,Minha Biblioteca
Faculdade de Direito de Sorocaba,Privada,São Paulo,SP,RT Online
Faculdade de Direito de Sorocaba,Privada,São Paulo,SP,ABNT Coleção
Escola da Advocacia-Geral da União (EAGU),Pública,Distrito Federal,DF,vLex
Escola da Advocacia-Geral da União (EAGU),Pública,Distrito Federal,DF,ProView
Escola da Advocacia-Geral da União (EAGU),Pública,Distrito Federal,DF,RT Online
Escola da Advocacia-Geral da União (EAGU),Pública,Distrito Federal,DF,Fórum
Escola da Advocacia-Geral da União (EAGU),Pública,Distrito Federal,DF,HeinOnline
Escola da Advocacia-Geral da União (EAGU),Pública,Distrito Federal,DF,Tirant LoBlach
Universidade de Taubaté,Pública,São Paulo,SP,Minha Biblioteca
Universidade de Taubaté,Pública,São Paulo,SP,BV Pearson
Universidade de Taubaté,Pública,São Paulo,SP,RT Online
Centro Universitário do Estado do Pará (CESUPA),Privada,Pará,PA,ABNT Coleção
Centro Universitário do Estado do Pará (CESUPA),Privada,Pará,PA,RT Online
Centro Universitário Social da Bahia (UNISBA),Privada,Bahia,BA,Minha Biblioteca
Centro Universitário Social da Bahia (UNISBA),Privada,Bahia,BA,BV Pearson
Universidade de Caxias do Sul (UCS),Privada,Rio Grande do Sul,RS,Minha Biblioteca
Universidade de Caxias do Sul (UCS),Privada,Rio Grande do Sul,RS,BV Pearson
Universidade de Caxias do Sul (UCS),Privada,Rio Grande do Sul,RS,RT Online
Universidade de Caxias do Sul (UCS),Privada,Rio Grande do Sul,RS,Target GEDWeb
Universidade de Caxias do Sul (UCS),Privada,Rio Grande do Sul,RS,UpToDate
Pontifícia Universidade Católica de Campinas (PUC-Campinas),Privada,São Paulo,SP,BV Pearson
Pontifícia Universidade Católica de Campinas (PUC-Campinas),Privada,São Paulo,SP,vLex
Pontifícia Universidade Católica de Campinas (PUC-Campinas),Privada,São Paulo,SP,RT Online
Pontifícia Universidade Católica de Campinas (PUC-Campinas),Privada,São Paulo,SP,Target GEDWeb
Pontifícia Universidade Católica do Rio de Janeiro (PUC-Rio),Privada,Rio de Janeiro,RJ,EBSCO
Pontifícia Universidade Católica do Rio de Janeiro (PUC-Rio),Privada,Rio de Janeiro,RJ,ABNT Coleção
Pontifícia Universidade Católica do Rio de Janeiro (PUC-Rio),Privada,Rio de Janeiro,RJ,PressReader
Pontifícia Universidade Católica do Rio de Janeiro (PUC-Rio),Privada,Rio de Janeiro,RJ,ProQuest Dissertations & Theses Global (PQDT)
Pontifícia Universidade Católica do Rio de Janeiro (PUC-Rio),Privada,Rio de Janeiro,RJ,The Economist Archive
Pontifícia Universidade Católica do Rio de Janeiro (PUC-Rio),Privada,Rio de Janeiro,RJ,ATLA Religion Database
Pontifícia Universidade Católica do Rio de Janeiro (PUC-Rio),Privada,Rio de Janeiro,RJ,OnePetro
Pontifícia Universidade Católica do Rio de Janeiro (PUC-Rio),Privada,Rio de Janeiro,RJ,Springer (ebooks- Computer Science 2011 e 2012)
Pontifícia Universidade Católica de Minas Gerais (PUC Minas),Privada,Minas Gerais,MG,Minha Biblioteca
Pontifícia Universidade Católica de Minas Gerais (PUC Minas),Privada,Minas Gerais,MG,BV Pearson
Pontifícia Universidade Católica de Minas Gerais (PUC Minas),Privada,Minas Gerais,MG,Target GEDWeb
Pontifícia Universidade Católica de Minas Gerais (PUC Minas),Privada,Minas Gerais,MG,RT Online
Pontifícia Universidade Católica de Minas Gerais (PUC Minas),Privada,Minas Gerais,MG,Fórum
Pontifícia Universidade Católica de Minas Gerais (PUC Minas),Privada,Minas Gerais,MG,EBSCO eBooks
Pontifícia Universidade Católica de Minas Gerais (PUC Minas),Privada,Minas Gerais,MG,Proquest O'Reilly
Pontifícia Universidade Católica de Minas Gerais (PUC Minas),Privada,Minas Gerais,MG,Proquest Religion
Universidade Federal de Pernambuco (UFPE),Pública,Pernambuco,PE,EBSCO
Universidade Federal de Pernambuco (UFPE),Pública,Pernambuco,PE,Target GEDWeb
Universidade Federal de Pernambuco (UFPE),Pública,Pernambuco,PE,vLex
Universidade Federal de Pernambuco (UFPE),Pública,Pernambuco,PE,Dot.Lib Lectio
Universidade Federal de Pernambuco (UFPE),Pública,Pernambuco,PE,Springer
Universidade Federal de Pernambuco (UFPE),Pública,Pernambuco,PE,IEEE Xplore
Universidade Fumec,Privada,Minas Gerais,MG,Minha Biblioteca
Universidade Fumec,Privada,Minas Gerais,MG,BV Pearson
Universidade Fumec,Privada,Minas Gerais,MG,EBSCO eBooks
Universidade Fumec,Privada,Minas Gerais,MG,Target GEDWeb
Centro Universitário Espírito Santense (FAESA),Privada,Espírito Santo,ES,Minha Biblioteca
Centro Universitário Espírito Santense (FAESA),Privada,Espírito Santo,ES,Target GEDWeb
Faculdade IMED,Privada,Rio Grande do Sul,RS,Minha Biblioteca
Faculdade IMED,Privada,Rio Grande do Sul,RS,BV Pearson
Faculdade IMED,Privada,Rio Grande do Sul,RS,vLex
Faculdade IMED,Privada,Rio Grande do Sul,RS,RT Online
Faculdade IMED,Privada,Rio Grande do Sul,RS,DynaMed
Faculdade dos Carajás,Privada,Pará,PA,BV Pearson
Faculdade dos Carajás,Privada,Pará,PA,vLex
Universidade Federal de Minas Gerais (UFMG),Pública,Minas Gerais,MG,Minha Biblioteca
Universidade Federal de Minas Gerais (UFMG),Pública,Minas Gerais,MG,BV Pearson
Universidade Federal de Minas Gerais (UFMG),Pública,Minas Gerais,MG,Árvore de Livros
Universidade Federal de Minas Gerais (UFMG),Pública,Minas Gerais,MG,ABNT Coleção
Universidade Federal de Minas Gerais (UFMG),Pública,Minas Gerais,MG,ProQuest’s Arts E-book Subscription
Universidade do Estado de Mato Grosso (UNEMAT),Pública,Mato Grosso,MT,Minha Biblioteca
Centro Universitário UniFTC (UniFTC),Privada,Bahia,BA,BV Pearson
Centro Universitário UniFTC (UniFTC),Privada,Bahia,BA,Minha Biblioteca
Centro Universitário UniFTC (UniFTC),Privada,Bahia,BA,Fórum
Universidade Federal de São Paulo (UNIFESP),Pública,São Paulo,SP,BV Pearson
Universidade Federal de São Paulo (UNIFESP),Pública,São Paulo,SP,Minha Biblioteca
Universidade La Salle,Comunitária,Rio Grande do Sul,RS,BV Pearson
Universidade La Salle,Comunitária,Rio Grande do Sul,RS,Minha Biblioteca
Universidade Estadual Paulista (UNESP) - Faculdade de Odontologia,Pública,São Paulo,SP,BV Pearson
Universidade Estadual Paulista (UNESP) - Faculdade de Odontologia,Pública,São Paulo,SP,EBSCO eBooks
Universidade Estadual Paulista (UNESP) - Faculdade de Odontologia,Pública,São Paulo,SP,Minha Biblioteca
Universidade Estadual Paulista (UNESP) - Faculdade de Odontologia,Pública,São Paulo,SP,UpToDate
Universidade Estadual Paulista (UNESP) - Faculdade de Odontologia,Pública,São Paulo,SP,Target GEDWeb
Universidade Estadual Paulista (UNESP) - Faculdade de Odontologia,Pública,São Paulo,SP,IEEE Xplore
Universidade Estadual Paulista (UNESP) - Faculdade de Odontologia,Pública,São Paulo,SP,ABNT Coleção
Universidade Estadual Paulista (UNESP) - Faculdade de Odontologia,Pública,São Paulo,SP,BD Cengage
Centro Univeristário Fasipe (UNIFASIPE),Privada,Mato Grosso,MT,Target GEDWeb
Centro Univeristário Fasipe (UNIFASIPE),Privada,Mato Grosso,MT,Minha Biblioteca
Universidade Federal de Santa Catarina (UFSC),Pública,Santa Catarina,SC,ABNT Coleção
Universidade Federal de Santa Catarina (UFSC),Pública,Santa Catarina,SC,IEEE Xplore
Universidade Federal de Santa Catarina (UFSC),Pública,Santa Catarina,SC,EBSCO eBooks
Universidade Federal de Santa Catarina (UFSC),Pública,Santa Catarina,SC,Dot.Lib Lectio
Universidade Federal de Santa Catarina (UFSC),Pública,Santa Catarina,SC,African Newspapers
Universidade Federal de Santa Catarina (UFSC),Pública,Santa Catarina,SC,ProQuest Dissertations & Theses Global (PQDT)
Universidade Federal de Santa Catarina (UFSC),Pública,Santa Catarina,SC,Wiley online Library
Universidade Federal de Santa Catarina (UFSC),Pública,Santa Catarina,SC,Springer
Universidade Federal do Amazonas (UFAM),Pública,Amazonas,AM,Dot.Lib Lectio
Universidade Federal do Amazonas (UFAM),Pública,Amazonas,AM,Target GEDWeb
Universidade Federal do Amazonas (UFAM),Pública,Amazonas,AM,Springer
Universidade do Extremo Sul Catarinense (UNESC),Comunitária,Santa Catarina,SC,Minha Biblioteca
Universidade do Extremo Sul Catarinense (UNESC),Comunitária,Santa Catarina,SC,RT Online
Universidade do Extremo Sul Catarinense (UNESC),Comunitária,Santa Catarina,SC,UpToDate
Universidade Federal do Sul da Bahia (UFSB),Pública,Bahia,BA,Minha Biblioteca
Universidade do Vale do Itajaí (UNIVALI),Comunitária,Santa Catarina,SC,Biblioteca A
Universidade do Vale do Itajaí (UNIVALI),Comunitária,Santa Catarina,SC,EBSCO eBooks
Universidade do Vale do Itajaí (UNIVALI),Comunitária,Santa Catarina,SC,Saraiva
Universidade do Vale do Itajaí (UNIVALI),Comunitária,Santa Catarina,SC,vLex
Centro Universitário Barriga Verde,Privada,Santa Catarina,SC,EBSCO
Centro Universitário Barriga Verde,Privada,Santa Catarina,SC,Minha Biblioteca
Instituto Federal de Minas Gerais (IFMG),Pública,Minas Gerais,MG,BV Pearson
Instituto Federal de Minas Gerais (IFMG),Pública,Minas Gerais,MG,Target GEDWeb
Instituto Federal de Minas Gerais (IFMG),Pública,Minas Gerais,MG,Saraiva
Instituto Federal Baiano (IF Baiano),Pública,Bahia,BA,BV Pearson
Universidade Veiga de Almeida,Privada,Rio de Janeiro,RJ,ABNT Coleção
Universidade Veiga de Almeida,Privada,Rio de Janeiro,RJ,BV Pearson
Universidade Veiga de Almeida,Privada,Rio de Janeiro,RJ,Fórum
Universidade Veiga de Almeida,Privada,Rio de Janeiro,RJ,Minha Biblioteca
Universidade Veiga de Almeida,Privada,Rio de Janeiro,RJ,RT Online
Universidade Federal do Rio Grande do Sul (UFRGS),Pública,Rio Grande do Sul,RS,Dot.Lib Lectio
Universidade Federal do Rio Grande do Sul (UFRGS),Pública,Rio Grande do Sul,RS,EBSCO eBooks
Universidade Federal do Rio Grande do Sul (UFRGS),Pública,Rio Grande do Sul,RS,HeinOnline
Universidade Federal do Rio Grande do Sul (UFRGS),Pública,Rio Grande do Sul,RS,IEEE Xplore
Universidade Federal do Rio Grande do Sul (UFRGS),Pública,Rio Grande do Sul,RS,Minha Biblioteca
Universidade Federal do Rio Grande do Sul (UFRGS),Pública,Rio Grande do Sul,RS,PressReader
Universidade Federal do Rio Grande do Sul (UFRGS),Pública,Rio Grande do Sul,RS,ProView
Universidade Federal do Rio Grande do Sul (UFRGS),Pública,Rio Grande do Sul,RS,RT Online
Universidade Federal do Rio Grande do Sul (UFRGS),Pública,Rio Grande do Sul,RS,Target GEDWeb
Universidade Federal do Rio Grande do Sul (UFRGS),Pública,Rio Grande do Sul,RS,Springer
Universidade Federal da Bahia (UFBA),Pública,Bahia,BA,Dot.Lib Lectio
Universidade Federal da Bahia (UFBA),Pública,Bahia,BA,EBSCO eBooks
Universidade Federal da Bahia (UFBA),Pública,Bahia,BA,vLex
Universidade Federal da Bahia (UFBA),Pública,Bahia,BA,Springer
Instituto Federal do Amazonas (IFAM),Pública,Amazonas,AM,Target GEDWeb
"Instituto Federal de Educação, Ciência e Tecnologia de Mato Grosso do Sul (IFMS)",Pública,Mato Grosso do Sul,MS,ABNT Coleção
"Instituto Federal de Educação, Ciência e Tecnologia de Mato Grosso do Sul (IFMS)",Pública,Mato Grosso do Sul,MS,BV Pearson
"Instituto Federal de Educação, Ciência e Tecnologia de Mato Grosso do Sul (IFMS)",Pública,Mato Grosso do Sul,MS,Target GEDWeb
Universidade Federal do ABC (UFABC),Pública,São Paulo,SP,EBSCO
Universidade Federal do ABC (UFABC),Pública,São Paulo,SP,Minha Biblioteca
Universidade Federal do ABC (UFABC),Pública,São Paulo,SP,PressReader
Universidade Federal do ABC (UFABC),Pública,São Paulo,SP,Target GEDWeb
Universidade Federal do ABC (UFABC),Pública,São Paulo,SP,Springer Nature
Universidade Federal do ABC (UFABC),Pública,São Paulo,SP,Wiley
Instituto Federal do Paraná (IFPR),Pública,Paraná,PR,ABNT Coleção
Instituto Federal do Paraná (IFPR),Pública,Paraná,PR,BV Pearson
Serviço Nacional de Aprendizagem Comercial do Distrito Federal (SENAC-DF),Privada,Distrito Federal,DF,BD Cengage
Serviço Nacional de Aprendizagem Comercial do Distrito Federal (SENAC-DF),Privada,Distrito Federal,DF,BD Senac
Universidade Federal de Rondônia (UNIR),Pública,Rondônia,RO,Target GEDWeb
Universidade Federal de Rondônia (UNIR),Pública,Rondônia,RO,BD Senac
Universidade Federal do Oeste da Bahia (UFOB),Pública,Bahia,BA,Minha Biblioteca
Universidade de São Paulo (USP),Pública,São Paulo,SP,BV Pearson
Universidade de São Paulo (USP),Pública,São Paulo,SP,EBSCO eBooks
Universidade de São Paulo (USP),Pública,São Paulo,SP,HeinOnline
Universidade de São Paulo (USP),Pública,São Paulo,SP,Minha Biblioteca
Universidade de São Paulo (USP),Pública,São Paulo,SP,PressReader
Universidade de São Paulo (USP),Pública,São Paulo,SP,Target GEDWeb
Universidade de São Paulo (USP),Pública,São Paulo,SP,UpToDate
Universidade de São Paulo (USP),Pública,São Paulo,SP,Economática
Universidade de São Paulo (USP),Pública,São Paulo,SP,Zoological Record
Universidade de São Paulo (USP),Pública,São Paulo,SP,Jstor
Universidade de São Paulo (USP),Pública,São Paulo,SP,Portal ISSN
Universidade de São Paulo (USP),Pública,São Paulo,SP,ScienceDirect Books
Universidade de São Paulo (USP),Pública,São Paulo,SP,PEP
Universidade de São Paulo (USP),Pública,São Paulo,SP,TLG
UNIESP Centro Universitário,Privada,Paraíba,PB,EBSCO
UNIESP Centro Universitário,Privada,Paraíba,PB,Minha Biblioteca
UNIESP Centro Universitário,Privada,Paraíba,PB,Target GEDWeb
Serviço Nacional de Aprendizagem Comercial (SENAC),Privada,Piauí,PI,BD Senac
Serviço Nacional de Aprendizagem Comercial do Maranhão (SENAC-MA),Privada,Maranhão,MA,BD Senac
Serviço Nacional de Aprendizagem Comercial do Ceará (SENAC-CE),Privada,Ceará,CE,BD Senac
Serviço Nacional de Aprendizagem Comercial do Ceará (SENAC-CE),Privada,Ceará,CE,PressReader
Centro Universitário Avantis (UNIAVAN),Privada,Santa Catarina,SC,BV Pearson
Centro Universitário Avantis (UNIAVAN),Privada,Santa Catarina,SC,EBSCO eBooks
Centro Universitário Avantis (UNIAVAN),Privada,Santa Catarina,SC,Minha Biblioteca
Centro Universitário Avantis (UNIAVAN),Privada,Santa Catarina,SC,Saraiva
Universidade Federal do Rio Grande do Norte (UFRN),Pública,Rio Grande do Norte,RN,ABNT Coleção
Universidade Federal do Rio Grande do Norte (UFRN),Pública,Rio Grande do Norte,RN,Dot.Lib Lectio
Universidade Federal do Rio Grande do Norte (UFRN),Pública,Rio Grande do Norte,RN,EBSCO eBooks
Universidade Federal do Rio de Janeiro (UFRJ),Pública,Rio de Janeiro,RJ,ABNT Coleção
Universidade Federal do Rio de Janeiro (UFRJ),Pública,Rio de Janeiro,RJ,BD Cengage
Universidade Federal do Rio de Janeiro (UFRJ),Pública,Rio de Janeiro,RJ,Dot.Lib Lectio
Universidade Federal do Rio de Janeiro (UFRJ),Pública,Rio de Janeiro,RJ,EBSCO eBooks
Universidade Federal do Rio de Janeiro (UFRJ),Pública,Rio de Janeiro,RJ,IEEE Xplore
Universidade Federal do Rio de Janeiro (UFRJ),Pública,Rio de Janeiro,RJ,Cambridge Core
Universidade Federal do Rio de Janeiro (UFRJ),Pública,Rio de Janeiro,RJ,Ebrary (Proquest)
Universidade Federal do Rio de Janeiro (UFRJ),Pública,Rio de Janeiro,RJ,Taylor and Francis
Universidade Federal do Rio de Janeiro (UFRJ),Pública,Rio de Janeiro,RJ,Springer Link
Universidade Federal do Rio de Janeiro (UFRJ),Pública,Rio de Janeiro,RJ,Elsevier
Universidade Federal do Rio de Janeiro (UFRJ),Pública,Rio de Janeiro,RJ,MIT Press
Universidade Federal do Rio de Janeiro (UFRJ),Pública,Rio de Janeiro,RJ,Wiley
Universidade Federal do Amapá (UNIFAP),Pública,Amapá,AP,Dot.Lib Lectio
Universidade Federal do Amapá (UNIFAP),Pública,Amapá,AP,ABNT Coleção
Universidade Federal do Amapá (UNIFAP),Pública,Amapá,AP,Minha Biblioteca
Universidade Católica de Santos,Comunitária,São Paulo,SP,ProView
Universidade Católica de Santos,Comunitária,São Paulo,SP,RT Online
Universidade Católica de Santos,Comunitária,São Paulo,SP,Saraiva
Universidade Católica de Santos,Comunitária,São Paulo,SP,Target GEDWeb
Universidade Católica de Santos,Comunitária,São Paulo,SP,Digitalia Hispânica
Instituto Federal Catarinense (IFC),Pública,Santa Catarina,SC,ABNT Coleção
Instituto Federal Catarinense (IFC),Pública,Santa Catarina,SC,BD Cengage
Instituto Federal Catarinense (IFC),Pública,Santa Catarina,SC,BV Pearson
Instituto Federal Catarinense (IFC),Pública,Santa Catarina,SC,Saraiva
Centro Universitário UniSATC,Filantrópica,Santa Catarina,SC,BV Pearson
Serviço Nacional de Aprendizagem Comercial do Paraná (SENAC-PR),Privada,Paraná,PR,BD Senac
Serviço Nacional de Aprendizagem Comercial do Paraná (SENAC-PR),Privada,Paraná,PR,EBSCO eBooks
Centro Universitário do Planalto de Araxá (UNIARAXÁ),Privada,Minas Gerais,MG,ABNT Coleção
Centro Universitário do Planalto de Araxá (UNIARAXÁ),Privada,Minas Gerais,MG,BV Pearson
Centro Universitário do Planalto de Araxá (UNIARAXÁ),Privada,Minas Gerais,MG,Minha Biblioteca
Centro Universitário do Planalto de Araxá (UNIARAXÁ),Privada,Minas Gerais,MG,RT Online
Centro Universitário do Planalto de Araxá (UNIARAXÁ),Privada,Minas Gerais,MG,Saraiva
Universidade Federal do Recôncavo da Bahia (UFRB),Pública,Bahia,BA,Target GEDWeb
"Instituto Federal de Educação, Ciência e Tecnologia do Ceará",Pública,Ceará,CE,BV Pearson
Universidade do Vale do Paraíba (UNIVAP),Privada,São Paulo,SP,Biblioteca A
Universidade do Vale do Paraíba (UNIVAP),Privada,São Paulo,SP,Saraiva
Universidade do Vale do Paraíba (UNIVAP),Privada,São Paulo,SP,ProView
Universidade do Vale do Paraíba (UNIVAP),Privada,São Paulo,SP,RT Online
UniCathedral - Centro Universitário,Privada,Mato Grosso,MT,Biblioteca A
UniCathedral - Centro Universitário,Privada,Mato Grosso,MT,BV Pearson
Universidade Federal de Roraima (UFRR),Pública,Roraima,RR,Dot.Lib Lectio
Universidade Federal de Roraima (UFRR),Pública,Roraima,RR,Minha Biblioteca
Universidade Federal de Roraima (UFRR),Pública,Roraima,RR,RT Online
Universidade Federal de Roraima (UFRR),Pública,Roraima,RR,Target GEDWeb
Universidade do Vale do Taquari (Univates),comunitária,Rio Grande do Sul,RS,EBSCO
Universidade do Vale do Taquari (Univates),comunitária,Rio Grande do Sul,RS,UpToDate
Universidade do Vale do Taquari (Univates),comunitária,Rio Grande do Sul,RS,Minha Biblioteca
Universidade do Vale do Taquari (Univates),comunitária,Rio Grande do Sul,RS,BV Pearson
Universidade Vila Velha - UVV,Privada,Espírito Santo,ES,Minha Biblioteca
Universidade Vila Velha - UVV,Privada,Espírito Santo,ES,Target GEDWeb
Universidade Vila Velha - UVV,Privada,Espírito Santo,ES,UpToDate
Universidade Federal do Triângulo Mineiro,Pública,Minas Gerais,MG,Minha Biblioteca
Serviço Nacional de Aprendizagem Comercial (SENAC-SC),Privada,Santa Catarina,SC,ABNT Coleção
Serviço Nacional de Aprendizagem Comercial (SENAC-SC),Privada,Santa Catarina,SC,BV Pearson
Serviço Nacional de Aprendizagem Comercial (SENAC-SC),Privada,Santa Catarina,SC,EBSCO eBooks
Universidade Federal de Uberlândia (UFU),Pública,Minas Gerais,MG,DynaMed
Universidade Federal de Uberlândia (UFU),Pública,Minas Gerais,MG,EBSCO eBooks
Universidade Federal de Uberlândia (UFU),Pública,Minas Gerais,MG,Minha Biblioteca
Universidade Federal de Uberlândia (UFU),Pública,Minas Gerais,MG,RT Online
Universidade Federal de Uberlândia (UFU),Pública,Minas Gerais,MG,UpToDate
Universidade Federal de Uberlândia (UFU),Pública,Minas Gerais,MG,Economática
Universidade Federal de Uberlândia (UFU),Pública,Minas Gerais,MG,Jstor
Universidade Federal de Uberlândia (UFU),Pública,Minas Gerais,MG,Naxos Library Music
"Instituto Federal de Educação, Ciência e Tecnologia do Tocantins",Pública,Tocantins,TO,BV Pearson
Universidade Tecnológica Federal do Paraná (UTFPR),Pública,Paraná,PR,IEEE Xplore
Universidade Tecnológica Federal do Paraná (UTFPR),Pública,Paraná,PR,EBSCO eBooks
Universidade Tecnológica Federal do Paraná (UTFPR),Pública,Paraná,PR,Minha Biblioteca
Universidade Tecnológica Federal do Paraná (UTFPR),Pública,Paraná,PR,Target GEDWeb
Universidade Federal de Ouro Preto (UFOP),Pública,Minas Gerais,MG,Árvore de Livros
Universidade Federal de Ouro Preto (UFOP),Pública,Minas Gerais,MG,Dot.Lib Lectio
Universidade Federal de Ouro Preto (UFOP),Pública,Minas Gerais,MG,BV Pearson
Universidade Federal de Ouro Preto (UFOP),Pública,Minas Gerais,MG,Minha Biblioteca
Universidade Federal de Ouro Preto (UFOP),Pública,Minas Gerais,MG,RT Online
Universidade Federal de Ouro Preto (UFOP),Pública,Minas Gerais,MG,Target GEDWeb
Universidade Federal de Ouro Preto (UFOP),Pública,Minas Gerais,MG,UpToDate
Instituto Federal de São Paulo - Campus Campos do Jordão,Pública,São Paulo,SP,BV Pearson
Instituto Federal de São Paulo - Campus Campos do Jordão,Pública,São Paulo,SP,Target GEDWeb
Instituto Federal de São Paulo - Campus Campos do Jordão,Pública,São Paulo,SP,Portal de Periódicos da CAPES
Universidade Federal de Alfenas (UNIFAL-MG),Pública,Minas Gerais,MG,BV Pearson
Universidade Federal de Alfenas (UNIFAL-MG),Pública,Minas Gerais,MG,Minha Biblioteca
Universidade Federal de Alfenas (UNIFAL-MG),Pública,Minas Gerais,MG,UpToDate
Centro Universitário UNIEURO,Privada,Distrito Federal,DF,DynaMed
Centro Universitário UNIEURO,Privada,Distrito Federal,DF,EBSCO eBooks
Centro Universitário UNIEURO,Privada,Distrito Federal,DF,Minha Biblioteca
Centro Universitário UNIEURO,Privada,Distrito Federal,DF,Target GEDWeb
Centro Universitário UNIEURO,Privada,Distrito Federal,DF,vLex
Centro Universitário Assunção (UNIFAI),Privada,São Paulo,SP,RT Online
Centro Universitário Assunção (UNIFAI),Privada,São Paulo,SP,Minha Biblioteca
Faculdade Senac-DF,Privada,Distrito Federal,DF,BD Senac
Faculdade Senac-DF,Privada,Distrito Federal,DF,e-Livros
Universidade de Passo Fundo,Comunitária,Rio Grande do Sul,RS,BV Pearson
Universidade de Passo Fundo,Comunitária,Rio Grande do Sul,RS,EBSCO eBooks
Universidade de Passo Fundo,Comunitária,Rio Grande do Sul,RS,Minha Biblioteca
Universidade de Passo Fundo,Comunitária,Rio Grande do Sul,RS,RT Online
Universidade de Passo Fundo,Comunitária,Rio Grande do Sul,RS,Target GEDWeb
Universidade de Passo Fundo,Comunitária,Rio Grande do Sul,RS,UpToDate
Universidade de Passo Fundo,Comunitária,Rio Grande do Sul,RS,JStor
Universidade Alto Vale do Rio do Peixe (UNIARP),Privada,Santa Catarina,SC,ABNT Coleção
Universidade Alto Vale do Rio do Peixe (UNIARP),Privada,Santa Catarina,SC,Biblioteca A
Universidade Alto Vale do Rio do Peixe (UNIARP),Privada,Santa Catarina,SC,Minha Biblioteca
Universidade Federal de Sergipe (UFS),Pública,Sergipe,SE,EBSCO
Universidade Federal de Sergipe (UFS),Pública,Sergipe,SE,Target GEDWeb
Centro Universitário do Rio São Francisco (UNIRIOS),Privada,Bahia,BA,EBSCO
Centro Universitário do Rio São Francisco (UNIRIOS),Privada,Bahia,BA,Minha Biblioteca
Unidade Central de Educação FAI Faculdades (UCEFF),Privada,Santa Catarina,SC,BV Pearson
Unidade Central de Educação FAI Faculdades (UCEFF),Privada,Santa Catarina,SC,Minha Biblioteca
Universidade Comunitária da Região de Chapecó (Unochapecó),Comunitária,Santa Catarina,SC,ABNT Coleção
Universidade Comunitária da Região de Chapecó (Unochapecó),Comunitária,Santa Catarina,SC,BV Pearson
Universidade Comunitária da Região de Chapecó (Unochapecó),Comunitária,Santa Catarina,SC,EBSCO eBooks
Universidade Comunitária da Região de Chapecó (Unochapecó),Comunitária,Santa Catarina,SC,DynaMed
Universidade Comunitária da Região de Chapecó (Unochapecó),Comunitária,Santa Catarina,SC,Minha Biblioteca
Fundação Universidade Regional de Blumenau (FURB),Pública,Santa Catarina,SC,Minha Biblioteca
Fundação Universidade Regional de Blumenau (FURB),Pública,Santa Catarina,SC,RT Online
Fundação Universidade Regional de Blumenau (FURB),Pública,Santa Catarina,SC,Target GEDWeb
Universidade Presbiteriana Mackenzie,Privada,São Paulo,SP,BV Pearson
Universidade Presbiteriana Mackenzie,Privada,São Paulo,SP,EBSCO eBooks
Universidade Presbiteriana Mackenzie,Privada,São Paulo,SP,Minha Biblioteca
Universidade Presbiteriana Mackenzie,Privada,São Paulo,SP,RT Online
Universidade Presbiteriana Mackenzie,Privada,São Paulo,SP,Target GEDWeb
Universidade Presbiteriana Mackenzie,Privada,São Paulo,SP,IEEE Xplore
Universidade Presbiteriana Mackenzie,Privada,São Paulo,SP,Bloomberg Professional Service
Universidade Presbiteriana Mackenzie,Privada,São Paulo,SP,Economatica
Universidade Presbiteriana Mackenzie,Privada,São Paulo,SP,Passport Euromonitor International
Universidade Presbiteriana Mackenzie,Privada,São Paulo,SP,LAFIS
Universidade Presbiteriana Mackenzie,Privada,São Paulo,SP,JSTOR
Universidade Presbiteriana Mackenzie,Privada,São Paulo,SP,ProQuest
Universidade Presbiteriana Mackenzie,Privada,São Paulo,SP,ASM Handbooks Online
Universidade Presbiteriana Mackenzie,Privada,São Paulo,SP,EBSCO eBooks
Universidade Presbiteriana Mackenzie,Privada,São Paulo,SP,JSTOR e-Books
Universidade Presbiteriana Mackenzie,Privada,São Paulo,SP,ProQuest Ebook Central
Universidade Federal Rural do Semi-Árido (UFERSA),Pública,Rio Grande do Norte,RN,UptoDate
Universidade Federal Rural do Semi-Árido (UFERSA),Pública,Rio Grande do Norte,RN,Minha Biblioteca
Universidade Federal Rural do Semi-Árido (UFERSA),Pública,Rio Grande do Norte,RN,BV Pearson
Universidade Federal Rural do Semi-Árido (UFERSA),Pública,Rio Grande do Norte,RN,Target GEDWeb
Universidade Estadual de Feira de Santana (UEFS),Pública,Bahia,BA,ABNT Coleção
Universidade Estadual de Feira de Santana (UEFS),Pública,Bahia,BA,Minha Biblioteca
Instituto Federal de São Paulo - Campus Piracicaba,Pública,São Paulo,SP,ABNT Coleção
Instituto Federal de São Paulo - Campus Piracicaba,Pública,São Paulo,SP,BV Pearson
Instituto Federal de São Paulo - Campus Piracicaba,Pública,São Paulo,SP,Target GEDWeb
Centro Universitário do Pará (CESUPA),Privada,Pará,PA,ABNT Coleção
Centro Universitário do Pará (CESUPA),Privada,Pará,PA,BV Pearson
Centro Universitário do Pará (CESUPA),Privada,Pará,PA,HeinOnline
Centro Universitário do Pará (CESUPA),Privada,Pará,PA,Minha Biblioteca
Centro Universitário do Pará (CESUPA),Privada,Pará,PA,RT Online
Instituto Federal de Alagoas (IFAL),Pública,Alagoas,AL,Target GEDWeb
Instituto Federal de Alagoas (IFAL),Pública,Alagoas,AL,E-livro
Escole de Música da UFPA,Pública,Pará,PA,Minha Biblioteca
Universidade Federal da Paraíba (UFPB),Pública,Paraíba,PB,Target GEDWeb
Universidade Federal da Paraíba (UFPB),Pública,Paraíba,PB,Dot.Lib Lectio
Universidade Federal da Paraíba (UFPB),Pública,Paraíba,PB,Minha Biblioteca
Universidade Federal da Paraíba (UFPB),Pública,Paraíba,PB,vLex
Universidade Federal da Paraíba (UFPB),Pública,Paraíba,PB,Ebook Central (EBC)
Universidade Federal do Pará (UFPA),Pública,Pará,PA,Minha Biblioteca
Universidade Federal do Pará (UFPA),Pública,Pará,PA,Target GEDWeb
Universidade Federal do Pará (UFPA),Pública,Pará,PA,EBSCO eBooks
Universidade Estadual do Oeste do Paraná (Unioeste),Pública,Paraná,PR,BV Pearson
Universidade Estadual do Oeste do Paraná (Unioeste),Pública,Paraná,PR,Minha Biblioteca
Universidade Estadual do Oeste do Paraná (Unioeste),Pública,Paraná,PR,Target GEDWeb
Universidade Federal do Cariri (UFCA),Pública,Ceará,CE,ABNT Coleção
Universidade Federal do Cariri (UFCA),Pública,Ceará,CE,BV Pearson
Universidade Federal do Cariri (UFCA),Pública,Ceará,CE,Minha Biblioteca
Universidade do Estado do Rio de Janeiro (UERJ),Pública,Rio de Janeiro,RJ,BV Pearson
Universidade do Estado do Rio de Janeiro (UERJ),Pública,Rio de Janeiro,RJ,EBSCO eBooks
Universidade do Estado do Rio de Janeiro (UERJ),Pública,Rio de Janeiro,RJ,Minha Biblioteca
Universidade do Estado do Rio de Janeiro (UERJ),Pública,Rio de Janeiro,RJ,HeinOnline
Universidade do Estado do Rio de Janeiro (UERJ),Pública,Rio de Janeiro,RJ,IEEE Xplore
Universidade do Estado do Rio de Janeiro (UERJ),Pública,Rio de Janeiro,RJ,Target GEDWeb
Universidade do Estado do Rio de Janeiro (UERJ),Pública,Rio de Janeiro,RJ,vLex
Universidade Federal de Juiz de Fora (UFJF),Pública,Minas Gerais,MG,ABNT Coleção
Universidade Federal de Juiz de Fora (UFJF),Pública,Minas Gerais,MG,BV Pearson
Universidade Federal de Juiz de Fora (UFJF),Pública,Minas Gerais,MG,IEEE Xplore
Universidade Federal de Juiz de Fora (UFJF),Pública,Minas Gerais,MG,Minha Biblioteca
Universidade Federal de Juiz de Fora (UFJF),Pública,Minas Gerais,MG,RT Online
Universidade Federal de Juiz de Fora (UFJF),Pública,Minas Gerais,MG,vLex
Universidade Federal de Juiz de Fora (UFJF),Pública,Minas Gerais,MG,Atheneu
Instituto Federal do Triângulo Mineiro (IFTM),Pública,Minas Gerais,MG,Minha Biblioteca
Instituto Federal do Triângulo Mineiro (IFTM),Pública,Minas Gerais,MG,Target GEDWeb
Instituto Federal do Rio Grande do Sul,Pública,Rio Grande do Sul,RS,BV Pearson
Instituto Federal do Rio Grande do Sul,Pública,Rio Grande do Sul,RS,Minha Biblioteca
Instituto Federal do Rio Grande do Sul,Pública,Rio Grande do Sul,RS,Target GEDWeb
Fundação Municipal de Ensino de Piracicaba (FUMEP),Pública,São Paulo,SP,BD Cengage
Fundação Municipal de Ensino de Piracicaba (FUMEP),Pública,São Paulo,SP,BV Pearson
Universidade Federal do Norte do Tocantins (UFNT),Pública,Tocantins,TO,Minha Biblioteca
Universidade Estadual de Londrina (UEL),Pública,Paraná,PR,BV Pearson
Universidade Estadual de Londrina (UEL),Pública,Paraná,PR,Minha Biblioteca
Universidade Estadual de Londrina (UEL),Pública,Paraná,PR,vLex
Universidade Estadual de Maringá (UEM),Pública,Paraná,PR,BV Pearson
Universidade Estadual de Maringá (UEM),Pública,Paraná,PR,Minha Biblioteca
Instituto Federal de Rondônia (IFRO),Pública,Rondônia,RO,ABNT Coleção
Instituto Federal de Rondônia (IFRO),Pública,Rondônia,RO,Minha Biblioteca
Centro Universitário Facens,Filantrópica,São Paulo,SP,ABNT Coleção
Centro Universitário Facens,Filantrópica,São Paulo,SP,BV Pearson
Centro Universitário Facens,Filantrópica,São Paulo,SP,Minha Biblioteca
Centro Universitário Facens,Filantrópica,São Paulo,SP,eLibrary USA
Universidade Estadual de Campinas (UNICAMP),Pública,São Paulo,SP,ABNT Coleção
Universidade Estadual de Campinas (UNICAMP),Pública,São Paulo,SP,BV Pearson
Universidade Estadual de Campinas (UNICAMP),Pública,São Paulo,SP,Dot.Lib Lectio
Universidade Estadual de Campinas (UNICAMP),Pública,São Paulo,SP,EBSCO eBooks
Universidade Estadual de Campinas (UNICAMP),Pública,São Paulo,SP,IEEE Xplore
Universidade Estadual de Campinas (UNICAMP),Pública,São Paulo,SP,Minha Biblioteca
Universidade Estadual de Campinas (UNICAMP),Pública,São Paulo,SP,PressReader
Universidade Estadual de Campinas (UNICAMP),Pública,São Paulo,SP,ProView
Universidade Estadual de Campinas (UNICAMP),Pública,São Paulo,SP,UpToDate
Universidade da Região de Joinville (UNIVILLE),Comunitária,Santa Catarina,SC,DynaMed
Universidade da Região de Joinville (UNIVILLE),Comunitária,Santa Catarina,SC,EBSCO eBooks
Universidade da Região de Joinville (UNIVILLE),Comunitária,Santa Catarina,SC,Minha Biblioteca
Universidade da Região de Joinville (UNIVILLE),Comunitária,Santa Catarina,SC,RT Online
Universidade da Região de Joinville (UNIVILLE),Comunitária,Santa Catarina,SC,Target GEDWeb
Universidade da Região de Joinville (UNIVILLE),Comunitária,Santa Catarina,SC,START by WGSN
Universidade da Região de Joinville (UNIVILLE),Comunitária,Santa Catarina,SC,UseFashion
Universidade da Região de Joinville (UNIVILLE),Comunitária,Santa Catarina,SC,Biblioteca A
Centro Universitário Cidade Verde (UniCV),Privada,Paraná,PR,Biblioteca A
Centro Universitário Cidade Verde (UniCV),Privada,Paraná,PR,BV Pearson
Centro Universitário Cidade Verde (UniCV),Privada,Paraná,PR,Minha Biblioteca
Centro Universitário Cidade Verde (UniCV),Privada,Paraná,PR,RT Online
Centro Universitário Cidade Verde (UniCV),Privada,Paraná,PR,Saraiva
"Instituto Federal de Educação, Ciência e Tecnologia Farroupilha",Pública,Rio Grande do Sul,RS,ABNT Coleção
"Instituto Federal de Educação, Ciência e Tecnologia Farroupilha",Pública,Rio Grande do Sul,RS,Minha Biblioteca
Universidade Federal do Maranhão (UFMA),Pública,Maranhão,MA,Target GEDWeb
Universidade Federal do Maranhão (UFMA),Pública,Maranhão,MA,vLex
Universidade Federal do Estado do Rio de Janeiro (UNIRIO),Pública,Rio de Janeiro,RJ,ABNT Coleção
Universidade Federal do Estado do Rio de Janeiro (UNIRIO),Pública,Rio de Janeiro,RJ,Dot.Lib Lectio
Universidade Federal do Estado do Rio de Janeiro (UNIRIO),Pública,Rio de Janeiro,RJ,DynaMed
Universidade Federal do Estado do Rio de Janeiro (UNIRIO),Pública,Rio de Janeiro,RJ,EBSCO eBooks
Universidade Federal do Estado do Rio de Janeiro (UNIRIO),Pública,Rio de Janeiro,RJ,Target GEDWeb
Universidade Estadual do Norte do Paraná (UENP),Pública,Paraná,PR,Minha Biblioteca
Universidade Estadual do Norte do Paraná (UENP),Pública,Paraná,PR,BV Pearson
Pontifícia Universidade Católica do Paraná (PUCPR),Privada,Paraná,PR,BV Pearson
Pontifícia Universidade Católica do Paraná (PUCPR),Privada,Paraná,PR,Dot.Lib Lectio
Pontifícia Universidade Católica do Paraná (PUCPR),Privada,Paraná,PR,Minha Biblioteca
Pontifícia Universidade Católica do Paraná (PUCPR),Privada,Paraná,PR,IEEE Xplore
Pontifícia Universidade Católica do Paraná (PUCPR),Privada,Paraná,PR,RT Online
Pontifícia Universidade Católica do Paraná (PUCPR),Privada,Paraná,PR,Target GEDWeb
Pontifícia Universidade Católica do Paraná (PUCPR),Privada,Paraná,PR,UpToDate
Universidade de Uberaba (UNIUBE),Privada,Minas Gerais,MG,Biblioteca A
Universidade de Uberaba (UNIUBE),Privada,Minas Gerais,MG,BV Pearson
Universidade de Uberaba (UNIUBE),Privada,Minas Gerais,MG,Saraiva
Universidade de Uberaba (UNIUBE),Privada,Minas Gerais,MG,Fórum
Universidade Federal da Grande Dourados (UFGD),Pública,Mato Grosso do Sul,MS,Target GEDWeb
Universidade Federal da Grande Dourados (UFGD),Pública,Mato Grosso do Sul,MS,Minha Biblioteca
Universidade Federal do Acre (UFAC),Pública,Acre,AC,Minha Biblioteca
Universidade Federal do Acre (UFAC),Pública,Acre,AC,Target GEDWeb
Universidade Federal do Acre (UFAC),Pública,Acre,AC,Saraiva
Universidade Federal do Piauí (UFPI),Pública,Piauí,PI,EBSCO eBooks
Universidade Federal do Piauí (UFPI),Pública,Piauí,PI,Minha Biblioteca
Universidade Federal do Piauí (UFPI),Pública,Piauí,PI,RT Online
Universidade Federal do Piauí (UFPI),Pública,Piauí,PI,ABNT Coleção
Universidade Federal da Integração Latino-Americana,Pública,Paraná,PR,Minha Biblioteca
UFRGS,Pública,Rio Grande do Sul,RS,ABNT Coleção
UFRGS,Pública,Rio Grande do Sul,RS,EBSCO eBooks
UFRGS,Pública,Rio Grande do Sul,RS,HeinOnline
UFRGS,Pública,Rio Grande do Sul,RS,Minha Biblioteca
UFRGS,Pública,Rio Grande do Sul,RS,PressReader
UFRGS,Pública,Rio Grande do Sul,RS,ProView
UFRGS,Pública,Rio Grande do Sul,RS,RT Online
UFRGS,Pública,Rio Grande do Sul,RS,IEEE Xplore
UFRGS,Pública,Rio Grande do Sul,RS,Springer ebooks 2005 a 2017
UFRGS,Pública,Rio Grande do Sul,RS,a coleção Saraiva está na Minha Biblioteca
Universidade de Sorocaba (UNISO),Comunitária,São Paulo,SP,Biblioteca A
Universidade de Sorocaba (UNISO),Comunitária,São Paulo,SP,BV Pearson
Universidade de Sorocaba (UNISO),Comunitária,São Paulo,SP,Target Normas
Instituto Federal de Santa Catarina (IFSC),Pública,Santa Catarina,SC,Minha Biblioteca
Instituto Federal de Santa Catarina (IFSC),Pública,Santa Catarina,SC,Target GEDWeb
UniFAFIRE,Privada,Pernambuco,PE,BV Pearson
UniFAFIRE,Privada,Pernambuco,PE,Saraiva
Universidade Federal de Ciências da Saúde de Porto Alegre (UFCSPA),Pública,Rio Grande do Sul,RS,BV Pearson
Universidade Federal de Ciências da Saúde de Porto Alegre (UFCSPA),Pública,Rio Grande do Sul,RS,DynaMed
Universidade Federal de Ciências da Saúde de Porto Alegre (UFCSPA),Pública,Rio Grande do Sul,RS,Minha Biblioteca
Universidade Federal de Ciências da Saúde de Porto Alegre (UFCSPA),Pública,Rio Grande do Sul,RS,Accesspharmacy
Universidade Federal do Sul e Sudeste do Pará (UNIFESSPA),Pública,Pará,PA,Minha Biblioteca
Universidade Estadual do Centro-Oeste (Unicentro),Pública,Paraná,PR,BV Pearson
Universidade Estadual do Centro-Oeste (Unicentro),Pública,Paraná,PR,Minha Biblioteca
Universidade Estadual do Centro Oeste (UNICENTRO),Pública,Paraná,PR,BV Pearson
Universidade Estadual do Centro Oeste (UNICENTRO),Pública,Paraná,PR,Minha Biblioteca
Universidade Estadual do Ceará,Pública,Ceará,CE,EBSCO eBooks
Universidade Estadual do Ceará,Pública,Ceará,CE,Minha Biblioteca
Tribunal de Justiça do Maranhão,Pública,Maranhão,MA,vLex
Escola Superior Dom Hélder Câmara,Privada,Minas Gerais,MG,vLex
Escola Superior Dom Hélder Câmara,Privada,Minas Gerais,MG,ProQuest
Fundação Universidade Regional de Blumenau (FURB),Pública,Santa Catarina,SC,RT Online
Fundação Universidade Regional de Blumenau (FURB),Pública,Santa Catarina,SC,Target GEDWeb
Fundação Universidade Regional de Blumenau (FURB),Pública,Santa Catarina,SC,UpToDate
Fundação Universidade Regional de Blumenau (FURB),Pública,Santa Catarina,SC,Minha Biblioteca
"Instituto Federal de Educação, Ciência e Tecnologia de Brasília",Pública,Distrito Federal,DF,Minha Biblioteca
"Instituto Federal de Educação, Ciência e Tecnologia de Brasília",Pública,Distrito Federal,DF,Target GEDWeb
Universidade Estadual de Feira de Santana (UEFS),Pública,Bahia,BA,ABNT Coleção
Universidade Estadual de Feira de Santana (UEFS),Pública,Bahia,BA,Dot.Lib Lectio
Universidade Estadual de Feira de Santana (UEFS),Pública,Bahia,BA,Minha Biblioteca
Uceff Unidade Central de Educação Fai Faculdades,Privada,Santa Catarina,SC,BV Pearson
Uceff Unidade Central de Educação Fai Faculdades,Privada,Santa Catarina,SC,Minha Biblioteca
Faculdade Vale do Gorutuba-FAVAG,Privada,Minas Gerais,MG,Minha Biblioteca
Universidade Estadual de Montes Claros,Pública,Minas Gerais,MG,BV Pearson
Serviço Nacional de Aprendizagem Comercial de São Paulo (SENAC SP),Privada,São Paulo,SP,BD Senac
Serviço Nacional de Aprendizagem Comercial de São Paulo (SENAC SP),Privada,São Paulo,SP,BV Pearson
Serviço Nacional de Aprendizagem Comercial de São Paulo (SENAC SP),Privada,São Paulo,SP,EBSCO eBooks
Serviço Nacional de Aprendizagem Comercial de São Paulo (SENAC SP),Privada,São Paulo,SP,Minha Biblioteca
Serviço Nacional de Aprendizagem Comercial de São Paulo (SENAC SP),Privada,São Paulo,SP,PressReader
Serviço Nacional de Aprendizagem Comercial de São Paulo (SENAC SP),Privada,São Paulo,SP,Target GEDWeb
Serviço Nacional de Aprendizagem Comercial de São Paulo (SENAC SP),Privada,São Paulo,SP,VOGUE - Proquest
Universidade Presbiteriana Mackenzie,Privada,São Paulo,SP,BV Pearson
Universidade Presbiteriana Mackenzie,Privada,São Paulo,SP,Minha Biblioteca
Universidade Presbiteriana Mackenzie,Privada,São Paulo,SP,ProView
Universidade Presbiteriana Mackenzie,Privada,São Paulo,SP,RT Online
Universidade Presbiteriana Mackenzie,Privada,São Paulo,SP,Target GEDWeb
Universidade Presbiteriana Mackenzie,Privada,São Paulo,SP,IEEE Xplore
Universidade Presbiteriana Mackenzie,Privada,São Paulo,SP,EBSCO eBooks
Universidade Presbiteriana Mackenzie,Privada,São Paulo,SP,BIBLIOTECA VIRTUAL UNIVERSITÁRIA TIRANT / JSTOR e-Books / KARGER - Coleção de e-books da Editora Karger / ProQuest Ebook Central / Passport Euromonitor International
Serviço Social do Comércio no Distrito Federal - Sesc DF,Privada,Distrito Federal,DF,Árvore de Livros
Centro Universitário do Pará (CESUPA),Privada,Pará,PA,ABNT Coleção
Centro Universitário do Pará (CESUPA),Privada,Pará,PA,BV Pearson
Centro Universitário do Pará (CESUPA),Privada,Pará,PA,HeinOnline
Centro Universitário do Pará (CESUPA),Privada,Pará,PA,Minha Biblioteca
Centro Universitário do Pará (CESUPA),Privada,Pará,PA,RT Online
Centro Universitário do Pará (CESUPA),Privada,Pará,PA,Portal Periódicos Capes e EBSCO-MEDLINE Ultimate
Universidade Federal de Itajubá,Pública,Minas Gerais,MG,ABNT Coleção
Universidade Federal de Itajubá,Pública,Minas Gerais,MG,BV Pearson
Universidade Federal de Itajubá,Pública,Minas Gerais,MG,Minha Biblioteca
Universidade Católica Dom Bosco,Privada,Mato Grosso do Sul,MS,Minha Biblioteca
Universidade Presbiteriana Mackenzie,Privada,São Paulo,SP,ProView
Universidade Presbiteriana Mackenzie,Privada,São Paulo,SP,Tirant
Claretiano - Rede de Educação,Privada,São Paulo,SP,ABNT Coleção
Claretiano - Rede de Educação,Privada,São Paulo,SP,Minha Biblioteca
Claretiano - Rede de Educação,Privada,São Paulo,SP,BV Pearson
Claretiano - Rede de Educação,Privada,São Paulo,SP,BD Senac
Claretiano - Rede de Educação,Privada,São Paulo,SP,Assinamos a EBSCO HOST
Fundação Universidade Regional de Blumenau,Comunitária,Santa Catarina,SC,Minha Biblioteca
Fundação Universidade Regional de Blumenau,Comunitária,Santa Catarina,SC,RT Online
Fundação Universidade Regional de Blumenau,Comunitária,Santa Catarina,SC,Target GEDWeb
Fundação Universidade Regional de Blumenau,Comunitária,Santa Catarina,SC,UpToDate
Universidade Federal de Ciências da Saúde de Porto Alegre (UFCSPA),Pública,Rio Grande do Sul,RS,BV Pearson
Universidade Federal de Ciências da Saúde de Porto Alegre (UFCSPA),Pública,Rio Grande do Sul,RS,Minha Biblioteca
Universidade Federal de Ciências da Saúde de Porto Alegre (UFCSPA),Pública,Rio Grande do Sul,RS,AccessPharmacy
Centro Universitário UNIESP,Privada,Paraíba,PB,Minha Biblioteca
Centro Universitário UNIESP,Privada,Paraíba,PB,Target GEDWeb
Centro Universitário UNIESP,Privada,Paraíba,PB,EBSCO PERIÓDICOS
Centro Universitário UNIESP,Privada,Paraíba,PB,Minha Biblioteca
Centro Universitário UNIESP,Privada,Paraíba,PB,Target GEDWeb
Centro Universitário UNIESP,Privada,Paraíba,PB,EBSCO
Centro Universitário de Goiatuba,Autarquia,Goiás,GO,Minha Biblioteca
Universidade Federal de Catalão (UFCAT),Pública,Goiás,GO,UpToDate
Centro Universitário Sagrado Coração (UNISAGRADO),Privada,São Paulo,SP,Biblioteca A
Centro Universitário Sagrado Coração (UNISAGRADO),Privada,São Paulo,SP,BV Pearson
SENAC SOROCABA,Privada,São Paulo,SP,BD Cengage
SENAC SOROCABA,Privada,São Paulo,SP,BD Senac
SENAC SOROCABA,Privada,São Paulo,SP,Biblioteca A
SENAC SOROCABA,Privada,São Paulo,SP,BV Pearson
SENAC SOROCABA,Privada,São Paulo,SP,EBSCO eBooks
SENAC SOROCABA,Privada,São Paulo,SP,PressReader
SENAC SOROCABA,Privada,São Paulo,SP,Saraiva
SENAC SOROCABA,Privada,São Paulo,SP,Target GEDWeb
Pontifícia Universidade Católica de Minas Gerais (PUC Minas),Privada,Minas Gerais,MG,ABNT Coleção
Pontifícia Universidade Católica de Minas Gerais (PUC Minas),Privada,Minas Gerais,MG,BV Pearson
Pontifícia Universidade Católica de Minas Gerais (PUC Minas),Privada,Minas Gerais,MG,Minha Biblioteca
Pontifícia Universidade Católica de Minas Gerais (PUC Minas),Privada,Minas Gerais,MG,PressReader
Pontifícia Universidade Católica de Minas Gerais (PUC Minas),Privada,Minas Gerais,MG,RT Online
Pontifícia Universidade Católica de Minas Gerais (PUC Minas),Privada,Minas Gerais,MG,Target GEDWeb
Pontifícia Universidade Católica de Minas Gerais (PUC Minas),Privada,Minas Gerais,MG,UpToDate
Pontifícia Universidade Católica de Minas Gerais (PUC Minas),Privada,Minas Gerais,MG,EBSCO eBooks
Pontifícia Universidade Católica de Minas Gerais (PUC Minas),Privada,Minas Gerais,MG,Fórum
Pontifícia Universidade Católica de Minas Gerais (PUC Minas),Privada,Minas Gerais,MG,"eLivro, UpToDate, IOB, Religion, O'Reilly"
UFSC,Pública,Santa Catarina,SC,HeinOnline
